{"resources":["sprite/fx_1.m4a","sprite/fx_1.ogg"],"spritemap":{"animateDown":{"start":0,"end":0.5080045351473923,"loop":false},"animateUp":{"start":3,"end":3.4556689342403626,"loop":false},"logoIn":{"start":6,"end":6.276349206349206,"loop":false},"logoOut":{"start":9,"end":9.26734693877551,"loop":false},"lose":{"start":12,"end":14.313333333333333,"loop":false},"pickupBatteryLarge":{"start":17,"end":18.64233560090703,"loop":false},"pickupBatterySmall":{"start":21,"end":22.619319727891156,"loop":false},"pickupBoost":{"start":25,"end":27.401337868480727,"loop":false},"scoreTick":{"start":30,"end":30.05233560090703,"loop":false},"toggle":{"start":33,"end":33.98,"loop":false},"victory":{"start":36,"end":38.970680272108844,"loop":false}}}